epoch,time,train/box_loss,train/cls_loss,train/dfl_loss,metrics/precision(B),metrics/recall(B),metrics/mAP50(B),metrics/mAP50-95(B),val/box_loss,val/cls_loss,val/dfl_loss,lr/pg0,lr/pg1,lr/pg2
1,72.278,2.00997,3.96416,1.47424,0,0,0,0,1.67152,4.12011,1.27549,0.00326667,0.00326667,0.00326667
2,121.15,1.59001,2.11483,1.23853,0.625,0.00285,0.31339,0.13163,2.25684,2.6172,1.47984,0.00657822,0.00657822,0.00657822
3,171.26,1.58392,1.62597,1.23545,0.35098,0.2597,0.21601,0.05588,2.58446,4.59357,1.7827,0.00986777,0.00986777,0.00986777
4,221.735,1.61735,1.45013,1.28176,0.55818,0.50799,0.4998,0.19258,2.08184,8.3417,1.70053,0.009901,0.009901,0.009901
5,271.417,1.56254,1.32343,1.2488,0.48199,0.37017,0.3623,0.10654,2.80457,2.64262,2.16931,0.009868,0.009868,0.009868
6,321.683,1.53228,1.22987,1.23796,0.76176,0.6497,0.73657,0.32722,1.75845,3.22276,1.3298,0.009835,0.009835,0.009835
7,371.557,1.5012,1.17691,1.24305,0.70159,0.59448,0.6795,0.35686,1.69773,1.59689,1.23776,0.009802,0.009802,0.009802
8,421.334,1.47217,1.13667,1.2144,0.74337,0.61986,0.71527,0.35516,1.84108,1.61424,1.30437,0.009769,0.009769,0.009769
9,471.118,1.45955,1.10379,1.21496,0.73905,0.66438,0.74312,0.44347,1.6026,1.22369,1.16505,0.009736,0.009736,0.009736
10,520.544,1.43092,1.06763,1.20246,0.83794,0.62272,0.75712,0.44826,1.60489,1.12156,1.20742,0.009703,0.009703,0.009703
11,570.069,1.41095,1.03576,1.20007,0.87001,0.63413,0.76954,0.44911,1.61569,1.08978,1.19736,0.00967,0.00967,0.00967
12,620.003,1.39583,1.00837,1.18288,0.80383,0.74258,0.82072,0.47224,1.49731,1.13395,1.12527,0.009637,0.009637,0.009637
13,670.02,1.37885,0.98706,1.17729,0.805,0.73749,0.8205,0.4745,1.54293,1.18801,1.16884,0.009604,0.009604,0.009604
14,720.006,1.36501,0.96639,1.17312,0.84707,0.77143,0.84815,0.4976,1.54582,1.01553,1.14808,0.009571,0.009571,0.009571
15,770.027,1.35021,0.95729,1.16815,0.82912,0.68664,0.80445,0.48933,1.44987,1.36463,1.12665,0.009538,0.009538,0.009538
16,819.755,1.35561,0.95585,1.17142,0.88227,0.71005,0.82202,0.46987,1.59109,1.06651,1.1585,0.009505,0.009505,0.009505
17,869.042,1.33435,0.92588,1.1658,0.94154,0.52397,0.73574,0.43415,1.66563,1.16357,1.20763,0.009472,0.009472,0.009472
18,919.066,1.33931,0.93012,1.16351,0.8334,0.7395,0.83245,0.48628,1.45536,1.18383,1.12339,0.009439,0.009439,0.009439
19,969.103,1.32888,0.9186,1.163,0.88127,0.75913,0.86416,0.52066,1.43598,1.21226,1.12623,0.009406,0.009406,0.009406
20,1019.05,1.3119,0.91015,1.15753,0.84002,0.78368,0.85415,0.532,1.41254,0.96325,1.10793,0.009373,0.009373,0.009373
21,1069.07,1.30888,0.90226,1.15757,0.8955,0.80879,0.88143,0.46678,1.70902,0.95547,1.19566,0.00934,0.00934,0.00934
22,1118.84,1.29408,0.86823,1.1451,0.89182,0.77169,0.85949,0.5029,1.54973,0.91481,1.13352,0.009307,0.009307,0.009307
23,1168.87,1.311,0.88697,1.14822,0.87269,0.79038,0.87946,0.5414,1.41397,0.93306,1.1159,0.009274,0.009274,0.009274
24,1218.77,1.28745,0.8678,1.13893,0.83344,0.77683,0.84515,0.45574,1.70664,1.01143,1.19423,0.009241,0.009241,0.009241
25,1268.7,1.29479,0.88359,1.14789,0.86983,0.82004,0.88627,0.55488,1.38951,0.90648,1.11105,0.009208,0.009208,0.009208
26,1318.4,1.29,0.86998,1.14323,0.89572,0.7403,0.84176,0.53679,1.38166,0.92261,1.09848,0.009175,0.009175,0.009175
27,1368.27,1.29176,0.85617,1.14645,0.89301,0.84361,0.90045,0.51969,1.51845,0.86198,1.14333,0.009142,0.009142,0.009142
28,1418.24,1.27459,0.8543,1.13586,0.87894,0.8105,0.88084,0.55448,1.36445,0.93786,1.08781,0.009109,0.009109,0.009109
29,1468.26,1.27215,0.8358,1.13374,0.86602,0.79909,0.87419,0.54676,1.38775,0.9301,1.07158,0.009076,0.009076,0.009076
30,1518.36,1.25966,0.8282,1.12637,0.8831,0.79795,0.88624,0.54865,1.40068,0.96073,1.09427,0.009043,0.009043,0.009043
31,1568.23,1.25473,0.82632,1.12008,0.83316,0.76427,0.83947,0.47932,1.58231,0.97366,1.16946,0.00901,0.00901,0.00901
32,1617.97,1.2577,0.8267,1.12802,0.89934,0.77511,0.86065,0.52798,1.47071,0.88966,1.10873,0.008977,0.008977,0.008977
33,1668.03,1.24865,0.81332,1.12626,0.92378,0.84247,0.91687,0.56185,1.39818,0.86974,1.08704,0.008944,0.008944,0.008944
34,1718.14,1.25636,0.82948,1.12498,0.8799,0.75285,0.85779,0.53367,1.40369,0.98338,1.10567,0.008911,0.008911,0.008911
35,1767.98,1.25073,0.81995,1.11843,0.89406,0.80137,0.87877,0.55941,1.42027,0.84819,1.09444,0.008878,0.008878,0.008878
36,1817.72,1.24512,0.8072,1.11841,0.93055,0.78767,0.87957,0.58192,1.34479,0.81742,1.06351,0.008845,0.008845,0.008845
37,1867.53,1.22975,0.79433,1.10954,0.91882,0.74943,0.8535,0.53055,1.48304,0.8835,1.11693,0.008812,0.008812,0.008812
38,1917.47,1.23493,0.79747,1.11218,0.88579,0.8145,0.87823,0.55971,1.34665,0.87101,1.06238,0.008779,0.008779,0.008779
39,1967.33,1.22436,0.7986,1.10809,0.9474,0.80194,0.88768,0.58542,1.33469,0.81137,1.06161,0.008746,0.008746,0.008746
40,2017.28,1.22545,0.78332,1.10956,0.91262,0.84646,0.90562,0.58078,1.34077,0.8097,1.06318,0.008713,0.008713,0.008713
41,2067.14,1.23402,0.78853,1.11473,0.8997,0.84989,0.90792,0.58844,1.33422,0.82168,1.04408,0.00868,0.00868,0.00868
42,2117.07,1.22067,0.78543,1.10664,0.87215,0.82934,0.88375,0.58054,1.31833,0.81482,1.04444,0.008647,0.008647,0.008647
43,2167.18,1.21631,0.77358,1.10056,0.88989,0.85388,0.91239,0.60407,1.28981,0.88416,1.04639,0.008614,0.008614,0.008614
44,2217.25,1.22088,0.7787,1.10567,0.92933,0.87785,0.93339,0.60774,1.31111,0.76782,1.04587,0.008581,0.008581,0.008581
45,2267.17,1.20701,0.77053,1.09788,0.9133,0.83105,0.90217,0.59744,1.31075,0.79094,1.04328,0.008548,0.008548,0.008548
46,2317.05,1.21514,0.78053,1.10268,0.93141,0.8448,0.91594,0.60024,1.35119,0.77701,1.072,0.008515,0.008515,0.008515
47,2367.14,1.21604,0.77162,1.09392,0.89705,0.87215,0.92629,0.60766,1.3101,0.77588,1.05054,0.008482,0.008482,0.008482
48,2417.07,1.20002,0.76664,1.09066,0.93034,0.83847,0.90692,0.57678,1.41509,0.77112,1.06776,0.008449,0.008449,0.008449
49,2466.9,1.20045,0.76249,1.09333,0.91705,0.79509,0.87495,0.57787,1.30474,0.81949,1.06571,0.008416,0.008416,0.008416
50,2516.76,1.19616,0.75282,1.09298,0.92376,0.82991,0.90114,0.60485,1.28932,0.75402,1.04508,0.008383,0.008383,0.008383
51,2566.59,1.20065,0.74712,1.0891,0.93016,0.81336,0.88959,0.59186,1.32543,0.77621,1.05969,0.00835,0.00835,0.00835
52,2616.66,1.19802,0.76057,1.08761,0.90982,0.86701,0.92278,0.6126,1.27613,0.76363,1.04168,0.008317,0.008317,0.008317
53,2666.74,1.18196,0.7477,1.08889,0.9059,0.86823,0.92586,0.60755,1.28023,0.79358,1.05573,0.008284,0.008284,0.008284
54,2716.61,1.19155,0.73646,1.08321,0.89571,0.85788,0.91097,0.5872,1.32147,0.78461,1.04026,0.008251,0.008251,0.008251
55,2766.65,1.19819,0.74647,1.09072,0.92649,0.87044,0.92839,0.58708,1.33652,0.77593,1.05035,0.008218,0.008218,0.008218
56,2816.51,1.18326,0.73346,1.08427,0.94217,0.82763,0.89998,0.59117,1.32216,0.79141,1.03758,0.008185,0.008185,0.008185
57,2866.6,1.19487,0.74858,1.08984,0.90995,0.87272,0.93187,0.60665,1.30622,0.78794,1.0448,0.008152,0.008152,0.008152
58,2916.57,1.19163,0.74011,1.09188,0.93214,0.85559,0.91845,0.60406,1.32549,0.72912,1.04645,0.008119,0.008119,0.008119
59,2966.65,1.18905,0.74658,1.08636,0.93458,0.8613,0.92856,0.61171,1.27624,0.76241,1.02973,0.008086,0.008086,0.008086
60,3016.61,1.18804,0.72923,1.08964,0.89851,0.86073,0.9119,0.56353,1.45292,0.77841,1.07472,0.008053,0.008053,0.008053
61,3066.64,1.16844,0.72688,1.07774,0.92463,0.86127,0.91814,0.59956,1.28926,0.75352,1.05075,0.00802,0.00802,0.00802
62,3116.65,1.16666,0.7214,1.07915,0.93525,0.87386,0.92431,0.60653,1.28301,0.72161,1.02653,0.007987,0.007987,0.007987
63,3166.67,1.18197,0.732,1.09108,0.93462,0.88128,0.93033,0.63574,1.21866,0.70975,1.01888,0.007954,0.007954,0.007954
64,3216.57,1.17719,0.7326,1.08393,0.93272,0.87043,0.92474,0.63086,1.22698,0.7193,1.00901,0.007921,0.007921,0.007921
65,3266.5,1.1644,0.70746,1.07046,0.92105,0.85902,0.91594,0.62646,1.23779,0.72833,1.01891,0.007888,0.007888,0.007888
66,3316.4,1.17144,0.72691,1.07975,0.9505,0.87671,0.92966,0.6414,1.23631,0.72054,1.00813,0.007855,0.007855,0.007855
67,3366.44,1.16045,0.71046,1.07558,0.94085,0.86244,0.92125,0.62946,1.24186,0.74305,1.02446,0.007822,0.007822,0.007822
68,3416.33,1.17516,0.73002,1.08029,0.94448,0.85445,0.91632,0.61148,1.33344,0.71908,1.03696,0.007789,0.007789,0.007789
69,3466.26,1.16082,0.715,1.07253,0.94867,0.87557,0.92951,0.63067,1.24847,0.6983,1.01221,0.007756,0.007756,0.007756
70,3516.2,1.15906,0.70697,1.07509,0.95446,0.8613,0.92141,0.63785,1.21626,0.70318,1.01037,0.007723,0.007723,0.007723
71,3566.16,1.16544,0.7125,1.07159,0.94112,0.87272,0.92833,0.63328,1.21764,0.69514,1.00702,0.00769,0.00769,0.00769
72,3616.1,1.15305,0.70397,1.065,0.92812,0.83276,0.90294,0.58969,1.31091,0.74235,1.03166,0.007657,0.007657,0.007657
73,3666.18,1.15817,0.70744,1.0744,0.94756,0.88699,0.93568,0.62717,1.27665,0.69329,1.01896,0.007624,0.007624,0.007624
74,3716.31,1.15831,0.70259,1.06684,0.92735,0.89612,0.93591,0.6321,1.23416,0.69847,1.00937,0.007591,0.007591,0.007591
75,3766.33,1.1609,0.69185,1.08054,0.94883,0.87842,0.93062,0.63361,1.24506,0.69043,1.01882,0.007558,0.007558,0.007558
76,3816.24,1.14269,0.69795,1.06489,0.9602,0.88128,0.93485,0.64614,1.1982,0.68629,1.01222,0.007525,0.007525,0.007525
77,3866.3,1.15459,0.70078,1.07112,0.94173,0.89669,0.94752,0.64544,1.22354,0.69568,1.00767,0.007492,0.007492,0.007492
78,3916.57,1.15326,0.70447,1.07019,0.95111,0.90126,0.94892,0.62901,1.29675,0.69456,1.02192,0.007459,0.007459,0.007459
79,3966.46,1.14517,0.68819,1.06789,0.95974,0.85731,0.92233,0.63557,1.22206,0.69173,1.01535,0.007426,0.007426,0.007426
80,4016.56,1.14778,0.69318,1.06532,0.91918,0.9218,0.95202,0.63936,1.24493,0.69263,1.00583,0.007393,0.007393,0.007393
81,4066.56,1.15047,0.69592,1.06583,0.94387,0.89269,0.93805,0.62494,1.29504,0.69698,1.02871,0.00736,0.00736,0.00736
82,4116.61,1.14646,0.69261,1.06328,0.92654,0.90696,0.94718,0.64758,1.20602,0.67814,0.99517,0.007327,0.007327,0.007327
83,4166.59,1.14705,0.68892,1.06274,0.95383,0.89612,0.94221,0.64468,1.2292,0.68492,1.00411,0.007294,0.007294,0.007294
84,4216.6,1.13568,0.686,1.06302,0.93717,0.9024,0.94355,0.63556,1.24653,0.67126,1.01087,0.007261,0.007261,0.007261
85,4266.56,1.14322,0.6849,1.06554,0.94319,0.89326,0.94273,0.63877,1.23117,0.68577,1.00344,0.007228,0.007228,0.007228
86,4316.63,1.12503,0.68617,1.06011,0.93908,0.8974,0.9461,0.63789,1.25003,0.66713,1.00884,0.007195,0.007195,0.007195
87,4366.67,1.13967,0.68954,1.06833,0.94718,0.89041,0.9383,0.64181,1.22984,0.6669,1.00247,0.007162,0.007162,0.007162
88,4416.74,1.13015,0.68275,1.05103,0.93519,0.89441,0.93949,0.64779,1.20083,0.67816,0.99699,0.007129,0.007129,0.007129
89,4466.7,1.12783,0.67916,1.05189,0.9618,0.87671,0.93207,0.65354,1.17474,0.67207,0.98825,0.007096,0.007096,0.007096
90,4516.73,1.12396,0.67697,1.04923,0.95253,0.88185,0.93312,0.62705,1.27853,0.67255,1.0046,0.007063,0.007063,0.007063
91,4566.74,1.12826,0.67378,1.05653,0.93151,0.90827,0.9474,0.65195,1.1874,0.6643,0.98855,0.00703,0.00703,0.00703
92,4616.8,1.11621,0.66415,1.0501,0.94603,0.89041,0.93733,0.65672,1.1899,0.66432,0.99198,0.006997,0.006997,0.006997
93,4666.9,1.12098,0.67397,1.05266,0.93283,0.89577,0.9475,0.65728,1.17522,0.65716,0.98629,0.006964,0.006964,0.006964
94,4717.01,1.1239,0.67048,1.0515,0.92991,0.90869,0.95033,0.66055,1.18202,0.68841,0.99186,0.006931,0.006931,0.006931
95,4767.04,1.1209,0.68017,1.05278,0.96477,0.89098,0.94085,0.65373,1.20088,0.64604,0.98568,0.006898,0.006898,0.006898
96,4817.07,1.12216,0.67815,1.05196,0.94535,0.8984,0.94064,0.66022,1.17814,0.65802,0.9812,0.006865,0.006865,0.006865
97,4867.18,1.11868,0.6733,1.05311,0.93571,0.90126,0.95173,0.6581,1.19121,0.68043,0.987,0.006832,0.006832,0.006832
98,4917.15,1.12153,0.66579,1.04805,0.941,0.89212,0.93668,0.65805,1.16849,0.65488,0.99408,0.006799,0.006799,0.006799
99,4967.17,1.11564,0.65575,1.05292,0.95777,0.89326,0.9399,0.659,1.18539,0.64402,0.99362,0.006766,0.006766,0.006766
100,5017.22,1.10666,0.65283,1.04424,0.93319,0.90888,0.95179,0.66307,1.1585,0.65022,0.98531,0.006733,0.006733,0.006733
101,5067.34,1.11549,0.65448,1.04569,0.94416,0.90811,0.94926,0.65324,1.20718,0.64024,1.00008,0.0067,0.0067,0.0067
102,5117.46,1.12017,0.6634,1.04931,0.93996,0.91153,0.9484,0.65054,1.22456,0.65655,0.98966,0.006667,0.006667,0.006667
103,5167.56,1.10297,0.65454,1.04288,0.94943,0.91096,0.94847,0.66801,1.18204,0.63981,0.97996,0.006634,0.006634,0.006634
104,5217.71,1.09652,0.63835,1.03927,0.94544,0.90989,0.95245,0.6755,1.14812,0.63296,0.97521,0.006601,0.006601,0.006601
105,5267.86,1.1068,0.65182,1.03751,0.9542,0.90376,0.95075,0.66462,1.14764,0.62551,0.983,0.006568,0.006568,0.006568
106,5317.82,1.08908,0.64575,1.03614,0.94973,0.89498,0.94172,0.66273,1.19085,0.63677,0.9774,0.006535,0.006535,0.006535
107,5367.88,1.10982,0.66205,1.04161,0.95123,0.90525,0.95248,0.666,1.18825,0.64114,0.98678,0.006502,0.006502,0.006502
108,5417.95,1.10884,0.65067,1.04574,0.94287,0.91381,0.95025,0.65259,1.22423,0.66488,0.99192,0.006469,0.006469,0.006469
109,5468.09,1.10458,0.65224,1.0396,0.93771,0.91781,0.95146,0.67193,1.14806,0.62277,0.97626,0.006436,0.006436,0.006436
110,5518.2,1.10551,0.63506,1.04281,0.95015,0.90297,0.94462,0.66961,1.15072,0.62467,0.98067,0.006403,0.006403,0.006403
111,5568.28,1.09681,0.63955,1.04147,0.96479,0.89155,0.9395,0.66907,1.16483,0.61747,0.97742,0.00637,0.00637,0.00637
112,5618.54,1.10874,0.64814,1.04077,0.94523,0.9161,0.95138,0.66716,1.16641,0.63588,0.97967,0.006337,0.006337,0.006337
113,5668.65,1.10611,0.64255,1.04103,0.95295,0.91327,0.95459,0.67171,1.17154,0.6175,0.98006,0.006304,0.006304,0.006304
114,5718.73,1.111,0.64683,1.04183,0.95104,0.90925,0.94767,0.66136,1.16863,0.6263,0.97999,0.006271,0.006271,0.006271
115,5768.87,1.0942,0.64802,1.03837,0.94634,0.9161,0.95162,0.65156,1.23924,0.63035,0.9774,0.006238,0.006238,0.006238
116,5818.9,1.09774,0.64029,1.03839,0.94815,0.90811,0.94702,0.67308,1.16059,0.62373,0.97065,0.006205,0.006205,0.006205
117,5869,1.10408,0.63834,1.03482,0.96504,0.91381,0.95919,0.67926,1.14656,0.61818,0.97692,0.006172,0.006172,0.006172
118,5919.16,1.08326,0.62689,1.02716,0.96151,0.91245,0.96006,0.67776,1.13731,0.61789,0.9775,0.006139,0.006139,0.006139
119,5969.14,1.08735,0.6372,1.03575,0.97132,0.90868,0.94996,0.66959,1.16703,0.60662,0.97808,0.006106,0.006106,0.006106
120,6019.16,1.08828,0.63134,1.03077,0.96493,0.91096,0.95103,0.67724,1.13766,0.6075,0.97042,0.006073,0.006073,0.006073
121,6069.13,1.08863,0.63134,1.03679,0.95736,0.90982,0.94891,0.67341,1.1459,0.62177,0.97777,0.00604,0.00604,0.00604
122,6119.21,1.07962,0.63023,1.02479,0.94351,0.92466,0.95577,0.67902,1.12877,0.60968,0.97773,0.006007,0.006007,0.006007
123,6169.31,1.09208,0.63206,1.03494,0.95162,0.92066,0.95411,0.67446,1.15328,0.61651,0.97638,0.005974,0.005974,0.005974
124,6219.31,1.08055,0.62694,1.03115,0.96564,0.91433,0.95354,0.67463,1.14406,0.60791,0.97781,0.005941,0.005941,0.005941
125,6269.35,1.09123,0.63282,1.0277,0.95623,0.92277,0.95759,0.67812,1.15007,0.6011,0.97255,0.005908,0.005908,0.005908
126,6319.53,1.07947,0.62685,1.03669,0.9649,0.9121,0.95451,0.68083,1.13631,0.61418,0.97584,0.005875,0.005875,0.005875
127,6369.65,1.08131,0.62457,1.03041,0.96113,0.90868,0.9497,0.68443,1.12208,0.60596,0.96885,0.005842,0.005842,0.005842
128,6419.72,1.08158,0.62469,1.02735,0.97199,0.91096,0.95231,0.68669,1.13022,0.59687,0.96342,0.005809,0.005809,0.005809
129,6469.84,1.08773,0.62142,1.0301,0.96482,0.9237,0.95953,0.68807,1.11758,0.58363,0.95806,0.005776,0.005776,0.005776
130,6520,1.07561,0.61933,1.02899,0.94435,0.93151,0.95989,0.68014,1.12867,0.59385,0.96057,0.005743,0.005743,0.005743
131,6570.13,1.06967,0.61394,1.02223,0.94985,0.91887,0.96012,0.68728,1.10183,0.60653,0.95596,0.00571,0.00571,0.00571
132,6620.29,1.07198,0.61746,1.02342,0.9588,0.91652,0.95693,0.68512,1.10941,0.58896,0.96278,0.005677,0.005677,0.005677
133,6670.28,1.0595,0.61597,1.02045,0.96184,0.92066,0.95652,0.68407,1.12275,0.58509,0.95693,0.005644,0.005644,0.005644
134,6720.3,1.07337,0.62161,1.02803,0.96237,0.91952,0.95512,0.68625,1.1075,0.59377,0.95588,0.005611,0.005611,0.005611
135,6770.36,1.07947,0.62541,1.02955,0.94882,0.93114,0.96259,0.68638,1.11748,0.59458,0.96167,0.005578,0.005578,0.005578
136,6820.39,1.06525,0.61376,1.02399,0.96525,0.91838,0.95756,0.68129,1.14411,0.5873,0.96109,0.005545,0.005545,0.005545
137,6870.47,1.07508,0.6124,1.0263,0.95571,0.91438,0.95572,0.68336,1.13273,0.59268,0.96007,0.005512,0.005512,0.005512
138,6920.6,1.06918,0.61749,1.02516,0.96276,0.9218,0.96009,0.69082,1.11587,0.58153,0.96422,0.005479,0.005479,0.005479
139,6970.77,1.06418,0.60949,1.02192,0.96303,0.92009,0.95636,0.68887,1.1059,0.58302,0.95604,0.005446,0.005446,0.005446
140,7020.92,1.07999,0.62068,1.03019,0.96392,0.90982,0.95409,0.68802,1.11447,0.58651,0.9602,0.005413,0.005413,0.005413
141,7071.04,1.06896,0.61223,1.02041,0.95143,0.92808,0.95849,0.69036,1.11691,0.58806,0.96183,0.00538,0.00538,0.00538
142,7121.12,1.05699,0.60656,1.01695,0.96835,0.92922,0.96393,0.68987,1.13214,0.574,0.95954,0.005347,0.005347,0.005347
143,7171.24,1.06857,0.60472,1.0272,0.96074,0.92192,0.95804,0.68631,1.13441,0.57384,0.95703,0.005314,0.005314,0.005314
144,7221.33,1.05523,0.60443,1.01745,0.96449,0.92123,0.95984,0.68884,1.1314,0.58329,0.96057,0.005281,0.005281,0.005281
145,7271.36,1.05922,0.61002,1.01334,0.95325,0.93208,0.96336,0.69225,1.10884,0.58237,0.95625,0.005248,0.005248,0.005248
146,7321.44,1.0509,0.59984,1.01525,0.95911,0.92372,0.96418,0.69133,1.12438,0.58879,0.95922,0.005215,0.005215,0.005215
147,7371.45,1.04761,0.5953,1.01691,0.95492,0.93094,0.95991,0.69258,1.11989,0.5856,0.96087,0.005182,0.005182,0.005182
148,7421.52,1.0583,0.60244,1.0186,0.95277,0.93436,0.96155,0.69391,1.1131,0.58361,0.96272,0.005149,0.005149,0.005149
149,7471.6,1.05485,0.60097,1.01494,0.95669,0.9204,0.9608,0.69307,1.11322,0.57159,0.96228,0.005116,0.005116,0.005116
150,7521.62,1.05039,0.59328,1.01521,0.96595,0.92297,0.95885,0.69311,1.10083,0.57248,0.95844,0.005083,0.005083,0.005083
151,7571.64,1.05474,0.59285,1.01915,0.95843,0.93436,0.96239,0.69085,1.11726,0.5686,0.9572,0.00505,0.00505,0.00505
152,7621.82,1.06266,0.60189,1.02082,0.95665,0.92922,0.96328,0.69386,1.11541,0.56999,0.95878,0.005017,0.005017,0.005017
153,7671.94,1.04774,0.59171,1.01149,0.96431,0.92544,0.962,0.69579,1.10722,0.57107,0.95621,0.004984,0.004984,0.004984
154,7722.02,1.04951,0.59653,1.01369,0.9511,0.9326,0.96392,0.69547,1.10297,0.5783,0.9535,0.004951,0.004951,0.004951
155,7772.16,1.05204,0.59209,1.0203,0.9536,0.93836,0.96442,0.69588,1.10908,0.56875,0.95794,0.004918,0.004918,0.004918
156,7822.38,1.04685,0.58953,1.00696,0.96305,0.93721,0.9652,0.69556,1.11032,0.56919,0.9584,0.004885,0.004885,0.004885
157,7872.49,1.04862,0.59189,1.01772,0.96771,0.9355,0.96563,0.69547,1.10835,0.55501,0.95444,0.004852,0.004852,0.004852
158,7922.54,1.03753,0.5869,1.01182,0.96909,0.93322,0.9674,0.69636,1.11263,0.55206,0.95332,0.004819,0.004819,0.004819
159,7972.67,1.03603,0.58796,1.01209,0.96805,0.93388,0.96734,0.69235,1.11972,0.56406,0.95484,0.004786,0.004786,0.004786
160,8022.76,1.02477,0.58698,1.01309,0.95898,0.93607,0.96806,0.69404,1.11345,0.56144,0.95715,0.004753,0.004753,0.004753
161,8072.95,1.03682,0.59163,1.00455,0.96746,0.93379,0.96638,0.69514,1.10602,0.55493,0.95969,0.00472,0.00472,0.00472
162,8123.16,1.04268,0.58049,1.01089,0.96632,0.93339,0.967,0.69782,1.10815,0.55524,0.9584,0.004687,0.004687,0.004687
163,8173.29,1.03659,0.58245,1.01077,0.95708,0.94178,0.96599,0.69677,1.1164,0.55514,0.96024,0.004654,0.004654,0.004654
164,8223.38,1.03726,0.58534,1.00783,0.96817,0.9355,0.96593,0.68908,1.13666,0.55727,0.9601,0.004621,0.004621,0.004621
165,8273.61,1.03099,0.57753,1.00798,0.96868,0.93574,0.96584,0.68804,1.13852,0.56045,0.96174,0.004588,0.004588,0.004588
166,8323.74,1.04153,0.58395,1.01411,0.95921,0.9395,0.96575,0.69034,1.12365,0.56467,0.9604,0.004555,0.004555,0.004555
167,8373.9,1.03688,0.58007,1.00803,0.96548,0.93436,0.96436,0.69527,1.10604,0.56267,0.95417,0.004522,0.004522,0.004522
168,8423.99,1.03453,0.57695,1.00854,0.96005,0.94007,0.96818,0.69556,1.10969,0.55734,0.95236,0.004489,0.004489,0.004489
169,8474.18,1.0335,0.58247,1.0107,0.96152,0.94121,0.96679,0.69878,1.10539,0.55374,0.9542,0.004456,0.004456,0.004456
170,8524.35,1.02895,0.57394,1.00779,0.96011,0.94235,0.96683,0.70387,1.09636,0.54764,0.95489,0.004423,0.004423,0.004423
171,8574.46,1.0403,0.57989,1.0063,0.96368,0.93893,0.96528,0.70313,1.08995,0.5445,0.95189,0.00439,0.00439,0.00439
172,8624.52,1.02168,0.57219,1.0038,0.97036,0.93442,0.96493,0.70136,1.08411,0.5449,0.95257,0.004357,0.004357,0.004357
173,8674.67,1.03395,0.57556,1.00435,0.96002,0.94578,0.96773,0.70353,1.08139,0.54411,0.95037,0.004324,0.004324,0.004324
174,8724.83,1.02833,0.5707,1.00469,0.96602,0.94121,0.96644,0.70241,1.08395,0.54535,0.95143,0.004291,0.004291,0.004291
175,8775.07,1.01789,0.56945,0.99728,0.97392,0.93436,0.96777,0.7024,1.08652,0.54127,0.95,0.004258,0.004258,0.004258
176,8825.29,1.02788,0.57714,1.00437,0.97366,0.92838,0.96447,0.69922,1.08782,0.54423,0.94557,0.004225,0.004225,0.004225
177,8875.53,1.02712,0.57541,1.00338,0.9654,0.9395,0.96618,0.70212,1.08516,0.54438,0.94569,0.004192,0.004192,0.004192
178,8925.58,1.01493,0.56657,0.99501,0.96869,0.93607,0.96457,0.70004,1.08956,0.54997,0.94638,0.004159,0.004159,0.004159
179,8975.67,1.02726,0.57944,1.00634,0.97045,0.93721,0.9653,0.69862,1.09718,0.54405,0.94668,0.004126,0.004126,0.004126
180,9025.74,1.02672,0.56727,1.00406,0.97395,0.93893,0.96676,0.70104,1.09276,0.54544,0.94731,0.004093,0.004093,0.004093
181,9075.9,1.01037,0.56239,0.99314,0.96989,0.93779,0.96571,0.69978,1.10397,0.54111,0.94742,0.00406,0.00406,0.00406
182,9126.04,1.02024,0.57262,1.00196,0.97328,0.9355,0.96482,0.70446,1.09074,0.53936,0.94423,0.004027,0.004027,0.004027
183,9176.29,1.01877,0.56713,1.00568,0.97504,0.93649,0.96678,0.70445,1.08922,0.53842,0.943,0.003994,0.003994,0.003994
184,9226.44,1.01754,0.56027,0.99799,0.96714,0.93893,0.96858,0.70452,1.0933,0.53996,0.94279,0.003961,0.003961,0.003961
185,9276.63,1.01287,0.5614,0.99952,0.96212,0.94235,0.96738,0.70807,1.07625,0.5427,0.94268,0.003928,0.003928,0.003928
186,9326.76,1.02041,0.56246,1.00089,0.9664,0.94121,0.96793,0.70656,1.07379,0.53971,0.94178,0.003895,0.003895,0.003895
187,9376.85,1.00663,0.55809,0.99851,0.96787,0.94578,0.9695,0.70445,1.0847,0.53344,0.94426,0.003862,0.003862,0.003862
188,9427.02,1.0091,0.55575,0.99536,0.96335,0.94521,0.96932,0.70236,1.09114,0.53358,0.94435,0.003829,0.003829,0.003829
189,9477.11,1.01258,0.55771,0.99968,0.96109,0.94463,0.96877,0.70209,1.09183,0.53343,0.94229,0.003796,0.003796,0.003796
190,9527.33,1.00179,0.55308,0.99173,0.96604,0.94178,0.96755,0.70306,1.08647,0.53034,0.93993,0.003763,0.003763,0.003763
191,9577.51,1.01808,0.56353,0.99777,0.96322,0.94178,0.96749,0.70294,1.08534,0.53372,0.94017,0.00373,0.00373,0.00373
192,9627.64,1.00672,0.55283,0.99391,0.96796,0.93436,0.96473,0.70705,1.07812,0.53342,0.9415,0.003697,0.003697,0.003697
193,9677.73,0.99835,0.55445,0.98833,0.966,0.94064,0.96683,0.70807,1.07678,0.53644,0.94078,0.003664,0.003664,0.003664
194,9727.82,1.00079,0.554,0.99524,0.9651,0.94692,0.97026,0.70773,1.07629,0.53455,0.94142,0.003631,0.003631,0.003631
195,9777.99,1.00482,0.54867,0.99532,0.96389,0.94463,0.96887,0.70794,1.07297,0.53424,0.94239,0.003598,0.003598,0.003598
196,9828.16,1.0045,0.55533,0.99625,0.97109,0.93664,0.968,0.7064,1.07689,0.53353,0.94132,0.003565,0.003565,0.003565
197,9878.26,1.00232,0.54924,0.99245,0.96344,0.94007,0.96629,0.70588,1.07232,0.5301,0.94094,0.003532,0.003532,0.003532
198,9928.4,1.00185,0.54519,0.99594,0.96999,0.94007,0.9675,0.70927,1.07323,0.52794,0.94056,0.003499,0.003499,0.003499
199,9978.53,1.00124,0.54989,0.99283,0.96835,0.94292,0.96862,0.70724,1.07134,0.52749,0.94019,0.003466,0.003466,0.003466
200,10028.7,0.99158,0.54358,0.9888,0.97334,0.93776,0.96865,0.7073,1.07109,0.52732,0.94009,0.003433,0.003433,0.003433
201,10078.7,1.00113,0.54466,0.99565,0.97387,0.93599,0.96717,0.70752,1.06506,0.52845,0.94016,0.0034,0.0034,0.0034
202,10128.8,0.98849,0.54537,0.98651,0.9712,0.94328,0.9699,0.71059,1.06292,0.52536,0.93922,0.003367,0.003367,0.003367
203,10179,0.99458,0.54438,0.98681,0.97633,0.94158,0.96942,0.70949,1.07018,0.52433,0.93928,0.003334,0.003334,0.003334
204,10229.2,0.99603,0.54524,0.98799,0.96675,0.94585,0.97106,0.71123,1.06238,0.52417,0.93834,0.003301,0.003301,0.003301
205,10279.4,0.99236,0.54187,0.98556,0.96821,0.94406,0.97085,0.71175,1.05953,0.52533,0.93794,0.003268,0.003268,0.003268
206,10329.5,0.99185,0.54089,0.98802,0.96495,0.95034,0.97172,0.71255,1.06072,0.52206,0.93703,0.003235,0.003235,0.003235
207,10379.7,0.98641,0.53479,0.9814,0.96675,0.94584,0.97043,0.70945,1.07154,0.51884,0.93702,0.003202,0.003202,0.003202
208,10429.8,0.97849,0.53708,0.98409,0.96456,0.94749,0.97059,0.7103,1.06791,0.51516,0.93776,0.003169,0.003169,0.003169
209,10479.9,0.98772,0.53645,0.98604,0.97161,0.93769,0.96922,0.71067,1.06258,0.51677,0.93793,0.003136,0.003136,0.003136
210,10530.1,0.98087,0.53131,0.98552,0.9623,0.94692,0.96998,0.71251,1.06115,0.51793,0.93682,0.003103,0.003103,0.003103
211,10580.3,0.98694,0.5366,0.98926,0.96243,0.95034,0.97183,0.71485,1.06085,0.51678,0.93665,0.00307,0.00307,0.00307
212,10630.5,0.98412,0.53381,0.98679,0.96331,0.94806,0.97114,0.71497,1.06465,0.51598,0.93814,0.003037,0.003037,0.003037
213,10680.6,0.97633,0.52792,0.98113,0.962,0.95377,0.97314,0.71274,1.06698,0.51534,0.93947,0.003004,0.003004,0.003004
214,10730.7,0.97244,0.52672,0.9823,0.97129,0.94603,0.97307,0.71358,1.06471,0.51424,0.93901,0.002971,0.002971,0.002971
215,10780.9,0.97093,0.52855,0.98481,0.96739,0.94977,0.97182,0.71348,1.06342,0.51341,0.93953,0.002938,0.002938,0.002938
216,10831,0.98049,0.52458,0.99009,0.96968,0.9492,0.97162,0.71375,1.06414,0.51302,0.94025,0.002905,0.002905,0.002905
217,10881.2,0.97388,0.52261,0.98479,0.97095,0.95377,0.97364,0.71515,1.06199,0.51211,0.93919,0.002872,0.002872,0.002872
218,10931.4,0.96769,0.52286,0.98137,0.97042,0.95491,0.97399,0.71563,1.06133,0.51106,0.9389,0.002839,0.002839,0.002839
219,10981.5,0.97214,0.52607,0.98251,0.96898,0.95148,0.97289,0.71456,1.0621,0.51135,0.93929,0.002806,0.002806,0.002806
220,11031.6,0.96659,0.532,0.98161,0.97198,0.95049,0.97349,0.71411,1.06222,0.51166,0.93961,0.002773,0.002773,0.002773
221,11081.7,0.96545,0.52875,0.97746,0.96868,0.9532,0.97345,0.71494,1.05931,0.51058,0.93935,0.00274,0.00274,0.00274
222,11131.8,0.95154,0.51799,0.97315,0.96977,0.95205,0.97313,0.71561,1.06078,0.511,0.93886,0.002707,0.002707,0.002707
223,11182,0.97055,0.52325,0.97823,0.9709,0.95205,0.97323,0.71547,1.0643,0.51198,0.93919,0.002674,0.002674,0.002674
224,11232.1,0.96634,0.51942,0.98013,0.97263,0.9532,0.97379,0.71607,1.06275,0.51032,0.93886,0.002641,0.002641,0.002641
225,11282.2,0.96703,0.52214,0.9806,0.97431,0.95263,0.97379,0.71629,1.06254,0.50991,0.93882,0.002608,0.002608,0.002608
226,11332.4,0.95353,0.5115,0.97256,0.97031,0.95148,0.97317,0.7166,1.06144,0.5094,0.93905,0.002575,0.002575,0.002575
227,11382.6,0.95972,0.51403,0.97588,0.9692,0.95205,0.97345,0.71737,1.06059,0.5108,0.93921,0.002542,0.002542,0.002542
228,11432.7,0.94743,0.50904,0.96947,0.9686,0.95091,0.97304,0.7169,1.0587,0.50981,0.93844,0.002509,0.002509,0.002509
229,11483,0.95843,0.5142,0.97427,0.97579,0.94325,0.97273,0.71743,1.0601,0.51041,0.93847,0.002476,0.002476,0.002476
230,11533.3,0.95279,0.5099,0.97672,0.9709,0.94406,0.97253,0.71639,1.06012,0.51049,0.93768,0.002443,0.002443,0.002443
231,11583.4,0.95824,0.51376,0.97372,0.96698,0.95263,0.97377,0.71724,1.05991,0.50852,0.93719,0.00241,0.00241,0.00241
232,11633.5,0.95906,0.51627,0.9696,0.9658,0.95091,0.97284,0.71853,1.05559,0.5071,0.93658,0.002377,0.002377,0.002377
233,11683.8,0.94646,0.5072,0.97186,0.9664,0.95205,0.97321,0.7184,1.05526,0.50414,0.93643,0.002344,0.002344,0.002344
234,11733.9,0.94914,0.50638,0.96932,0.9751,0.94121,0.97261,0.71856,1.0542,0.5041,0.9357,0.002311,0.002311,0.002311
235,11784.1,0.96405,0.51367,0.97602,0.96857,0.94977,0.97192,0.71836,1.05589,0.50321,0.93563,0.002278,0.002278,0.002278
236,11834.2,0.95357,0.50491,0.97322,0.968,0.94977,0.97227,0.71751,1.05757,0.50247,0.93488,0.002245,0.002245,0.002245
237,11884.4,0.94375,0.505,0.96824,0.96632,0.94977,0.97203,0.71785,1.05742,0.50259,0.93455,0.002212,0.002212,0.002212
238,11934.5,0.94104,0.50391,0.96534,0.96856,0.94806,0.97237,0.71808,1.05561,0.50149,0.93387,0.002179,0.002179,0.002179
239,11984.5,0.95461,0.50535,0.97457,0.96846,0.94632,0.97141,0.71803,1.05347,0.50168,0.93367,0.002146,0.002146,0.002146
240,12034.7,0.9459,0.50309,0.96884,0.97124,0.94433,0.97098,0.71709,1.05262,0.50235,0.93376,0.002113,0.002113,0.002113
241,12084.8,0.93677,0.49351,0.96604,0.96855,0.9492,0.97143,0.71777,1.05148,0.50227,0.93383,0.00208,0.00208,0.00208
242,12134.9,0.93771,0.4958,0.96614,0.96911,0.9492,0.97157,0.71857,1.05091,0.50282,0.93393,0.002047,0.002047,0.002047
243,12185.1,0.93685,0.48966,0.96242,0.968,0.94977,0.972,0.71889,1.05123,0.50363,0.9344,0.002014,0.002014,0.002014
244,12235.3,0.93802,0.49681,0.96498,0.96857,0.94977,0.97209,0.71935,1.05199,0.50424,0.93448,0.001981,0.001981,0.001981
245,12285.5,0.94145,0.51163,0.96755,0.96688,0.94977,0.97193,0.71873,1.05218,0.50511,0.93472,0.001948,0.001948,0.001948
246,12335.6,0.93344,0.49768,0.96213,0.96855,0.9492,0.97171,0.7182,1.05298,0.50469,0.93492,0.001915,0.001915,0.001915
247,12385.8,0.93952,0.49603,0.96251,0.9691,0.94863,0.97141,0.71822,1.05238,0.50483,0.93536,0.001882,0.001882,0.001882
248,12435.9,0.9328,0.49293,0.96457,0.96971,0.95034,0.97234,0.71932,1.05167,0.50445,0.93539,0.001849,0.001849,0.001849
249,12486,0.93992,0.498,0.96493,0.96975,0.95148,0.97275,0.71888,1.05243,0.50358,0.9356,0.001816,0.001816,0.001816
250,12536,0.9218,0.49556,0.95674,0.9709,0.95205,0.97296,0.71943,1.0527,0.50286,0.93586,0.001783,0.001783,0.001783
251,12586.2,0.93103,0.497,0.9642,0.96864,0.95205,0.97276,0.71943,1.05189,0.50255,0.93573,0.00175,0.00175,0.00175
252,12636.2,0.92874,0.48983,0.96022,0.9692,0.95205,0.9729,0.71998,1.05098,0.50097,0.93566,0.001717,0.001717,0.001717
253,12686.4,0.9237,0.49224,0.9642,0.96862,0.95148,0.9726,0.72039,1.05039,0.50101,0.93567,0.001684,0.001684,0.001684
254,12736.6,0.92437,0.48717,0.96214,0.96862,0.95148,0.97255,0.72054,1.05011,0.50038,0.93552,0.001651,0.001651,0.001651
255,12786.8,0.93631,0.49731,0.96703,0.96806,0.95148,0.97219,0.71967,1.0496,0.49935,0.93515,0.001618,0.001618,0.001618
256,12837,0.91804,0.4863,0.9565,0.96746,0.95034,0.97169,0.72063,1.04862,0.49813,0.9348,0.001585,0.001585,0.001585
257,12887.3,0.92809,0.49226,0.96331,0.96864,0.95205,0.97245,0.72094,1.05035,0.49739,0.93481,0.001552,0.001552,0.001552
258,12937.5,0.92425,0.48535,0.95917,0.96806,0.95148,0.97224,0.71994,1.05139,0.49702,0.93484,0.001519,0.001519,0.001519
259,12987.6,0.91018,0.47452,0.952,0.96752,0.95205,0.97267,0.72022,1.05213,0.49572,0.9352,0.001486,0.001486,0.001486
260,13037.8,0.91983,0.48502,0.95956,0.96853,0.94977,0.97234,0.71937,1.05228,0.49437,0.93511,0.001453,0.001453,0.001453
261,13087.9,0.91198,0.48207,0.95844,0.96698,0.95263,0.97284,0.72048,1.05091,0.49385,0.93486,0.00142,0.00142,0.00142
262,13138,0.92111,0.48076,0.9581,0.96699,0.9532,0.97314,0.72049,1.05077,0.49398,0.93459,0.001387,0.001387,0.001387
263,13188.1,0.90973,0.48167,0.95645,0.96853,0.95263,0.97314,0.72055,1.04981,0.49289,0.93462,0.001354,0.001354,0.001354
264,13238.2,0.91376,0.48293,0.95953,0.96644,0.9532,0.97305,0.72086,1.04958,0.49215,0.93467,0.001321,0.001321,0.001321
265,13288.4,0.90769,0.47737,0.95869,0.96875,0.95548,0.97461,0.72074,1.04932,0.49291,0.93413,0.001288,0.001288,0.001288
266,13338.5,0.91181,0.47834,0.95472,0.96763,0.95548,0.97464,0.72045,1.04967,0.49309,0.93395,0.001255,0.001255,0.001255
267,13388.6,0.90619,0.47442,0.95832,0.96877,0.95605,0.97487,0.72066,1.05014,0.49277,0.93372,0.001222,0.001222,0.001222
268,13438.8,0.90384,0.47346,0.95602,0.96877,0.95605,0.97513,0.72095,1.05019,0.49329,0.93382,0.001189,0.001189,0.001189
269,13489,0.90913,0.47877,0.96185,0.96875,0.95548,0.97476,0.72135,1.04951,0.49281,0.93336,0.001156,0.001156,0.001156
270,13539.2,0.90577,0.46906,0.95627,0.96929,0.95491,0.97427,0.72147,1.04956,0.49294,0.93333,0.001123,0.001123,0.001123
271,13589.4,0.89418,0.46775,0.95002,0.96813,0.95377,0.97364,0.72116,1.05069,0.49266,0.93336,0.00109,0.00109,0.00109
272,13639.5,0.88975,0.46484,0.95097,0.96922,0.95249,0.97335,0.72028,1.05086,0.4934,0.93316,0.001057,0.001057,0.001057
273,13689.8,0.89805,0.46856,0.95191,0.97022,0.95205,0.97357,0.72122,1.0508,0.49411,0.93312,0.001024,0.001024,0.001024
274,13740,0.89751,0.47229,0.95329,0.96703,0.95434,0.97386,0.72159,1.05111,0.49431,0.93326,0.000991,0.000991,0.000991
275,13790.1,0.89342,0.46763,0.94821,0.96976,0.95184,0.97362,0.72107,1.05066,0.49401,0.93307,0.000958,0.000958,0.000958
276,13840.2,0.89004,0.46412,0.94779,0.96813,0.95377,0.97361,0.72065,1.0501,0.49476,0.93326,0.000925,0.000925,0.000925
277,13890.4,0.89376,0.46837,0.94958,0.96815,0.95434,0.97389,0.72017,1.0495,0.49319,0.93325,0.000892,0.000892,0.000892
278,13940.6,0.89818,0.46791,0.94975,0.96917,0.95102,0.97304,0.71975,1.04995,0.49362,0.93316,0.000859,0.000859,0.000859
279,13990.9,0.89704,0.46627,0.95439,0.97081,0.94921,0.97302,0.71947,1.05049,0.49395,0.93345,0.000826,0.000826,0.000826
280,14041.1,0.90094,0.46835,0.95494,0.97083,0.94967,0.97303,0.71968,1.05062,0.49474,0.93352,0.000793,0.000793,0.000793
281,14091.2,0.8857,0.4566,0.9451,0.97081,0.9493,0.97297,0.71957,1.04944,0.49447,0.93312,0.00076,0.00076,0.00076
282,14141.3,0.88638,0.45881,0.95076,0.97082,0.94944,0.97324,0.71976,1.04958,0.49381,0.9331,0.000727,0.000727,0.000727
283,14191.5,0.89145,0.4616,0.94291,0.97205,0.9492,0.97383,0.71997,1.04934,0.49478,0.93311,0.000694,0.000694,0.000694
284,14241.6,0.88106,0.46052,0.94599,0.97082,0.9494,0.9733,0.72002,1.04901,0.4943,0.93313,0.000661,0.000661,0.000661
285,14291.8,0.87603,0.45,0.94399,0.97185,0.94806,0.97334,0.72053,1.04937,0.49471,0.93334,0.000628,0.000628,0.000628
286,14342,0.88307,0.45995,0.95351,0.97079,0.94863,0.97329,0.72018,1.04987,0.49468,0.93341,0.000595,0.000595,0.000595
287,14392.2,0.877,0.45427,0.94596,0.97135,0.94838,0.9733,0.72088,1.04972,0.49426,0.93344,0.000562,0.000562,0.000562
288,14442.3,0.8758,0.45649,0.94683,0.97248,0.94796,0.97305,0.72018,1.04953,0.49413,0.93347,0.000529,0.000529,0.000529
289,14492.5,0.8731,0.45188,0.94278,0.97224,0.94806,0.97306,0.72004,1.05016,0.49376,0.93366,0.000496,0.000496,0.000496
290,14542.7,0.87888,0.45502,0.94409,0.97314,0.94635,0.97309,0.7196,1.05001,0.4935,0.93358,0.000463,0.000463,0.000463
291,14597.3,0.82761,0.38197,0.9175,0.9736,0.94721,0.97307,0.71993,1.05043,0.49365,0.93367,0.00043,0.00043,0.00043
292,14647.3,0.79952,0.367,0.90624,0.97347,0.94692,0.97305,0.72017,1.05082,0.49377,0.9338,0.000397,0.000397,0.000397
293,14697.3,0.79803,0.36258,0.90982,0.97303,0.94735,0.97281,0.72024,1.05149,0.49345,0.93404,0.000364,0.000364,0.000364
294,14747.2,0.78997,0.35924,0.90592,0.97302,0.94673,0.97278,0.71875,1.0516,0.49312,0.93417,0.000331,0.000331,0.000331
295,14797.1,0.79283,0.35722,0.90497,0.97246,0.94717,0.97277,0.71955,1.05138,0.49347,0.93405,0.000298,0.000298,0.000298
296,14847.1,0.783,0.35238,0.90395,0.97402,0.94692,0.97276,0.71925,1.05173,0.49339,0.93414,0.000265,0.000265,0.000265
297,14897,0.78938,0.35785,0.90444,0.97371,0.94635,0.9727,0.7193,1.0518,0.49391,0.93433,0.000232,0.000232,0.000232
298,14946.9,0.78373,0.35284,0.90393,0.97487,0.94635,0.9727,0.71944,1.05264,0.49426,0.93438,0.000199,0.000199,0.000199
299,14996.9,0.78253,0.35027,0.90273,0.97358,0.94658,0.97293,0.71949,1.0533,0.49396,0.93474,0.000166,0.000166,0.000166
300,15047,0.7794,0.35164,0.90168,0.97415,0.94641,0.97298,0.71879,1.0533,0.49431,0.9346,0.000133,0.000133,0.000133
